{"swagger":"2.0","info":{"title":"Dust - Upload Document","description":"Upload a document to a Dust Data Source / Folder","version":"1.0"},"host":"dust.tt","basePath":"/api/v1","schemes":["https"],"consumes":["application/json"],"produces":["application/json"],"paths":{"/w/{workspaceId}/data_sources/{dataSourceName}/documents/{documentId}":{"post":{"summary":"Upload document","description":"This operation uploads or updates a document in a Dust data source with automatic indexing and vectorization.","operationId":"UploadDocument","x-ms-visibility":"important","parameters":[{"name":"workspaceId","in":"path","required":true,"type":"string","description":"Unique identifier for the workspace","x-ms-summary":"Workspace ID"},{"name":"dataSourceName","in":"path","required":true,"type":"string","description":"This is the name of the Dust folder you want to upload your data to. The folder name can be found in Dust -> Spaces -> Folders -> Pick an existing folder name or create a new one.","x-ms-summary":"Folder Name"},{"name":"documentId","in":"path","required":true,"type":"string","description":"This is the unique identifier of your choice for this document. Example: for a support ticket, this is the ticket ID, for an email, it can be the thread ID or the subject.","x-ms-summary":"Document ID"},{"name":"body","in":"body","required":true,"schema":{"type":"object","required":["text","title"],"properties":{"text":{"type":"string","description":"The content of the document, in plain text.","x-ms-summary":"Document Content","x-ms-visibility":"important"},"title":{"type":"string","description":"The title of the document to upsert","x-ms-summary":"Document Title","x-ms-visibility":"important"},"tags":{"type":"array","description":"Tags that will help filtering your documents.","x-ms-summary":"Document Tags","x-ms-visibility":"advanced","items":{"type":"string","description":"Individual tag for document categorization","x-ms-summary":"Tag"}}}}}],"responses":{"200":{"description":"Document uploaded and indexed successfully","schema":{"$ref":"#/definitions/DocumentResponse"}},"201":{"description":"Document created and indexed successfully","schema":{"$ref":"#/definitions/DocumentResponse"}},"400":{"description":"Invalid request parameters or document content"},"401":{"description":"Authentication failed"},"403":{"description":"Access denied to workspace or data source"},"404":{"description":"Workspace or data source not found"},"413":{"description":"Document content too large"},"429":{"description":"Rate limit exceeded"},"500":{"description":"Internal server error"}}}}},"parameters":{},"responses":{},"securityDefinitions":{"api_key":{"type":"apiKey","in":"header","name":"Authorization"}},"security":[{"api_key":[]}],"tags":[],"definitions":{"DocumentResponse":{"type":"object","properties":{"document":{"$ref":"#/definitions/Document"},"data_source":{"$ref":"#/definitions/DataSource"}}},"Document":{"type":"object","description":"Contains the document metadata and processing information","x-ms-summary":"Document Details","properties":{"data_source_id":{"type":"string","description":"Internal identifier for the data source","x-ms-summary":"Data Source ID"},"data_source_internal_id":{"type":"string","description":"Internal system identifier for the data source","x-ms-summary":"Internal Data Source ID"},"created":{"type":"integer","format":"int64","description":"Unix timestamp when the document was created","x-ms-summary":"Created Timestamp"},"document_id":{"type":"string","description":"Unique identifier for the document","x-ms-summary":"Document ID"},"timestamp":{"type":"integer","format":"int64","description":"Unix timestamp of the last update","x-ms-summary":"Last Updated"},"title":{"type":"string","description":"Title of the document","x-ms-summary":"Document Title"},"mime_type":{"type":"string","description":"MIME type of the document","x-ms-summary":"MIME Type"},"provider_visibility":{"type":"string","description":"Visibility setting for the document provider","x-ms-summary":"Provider Visibility"},"tags":{"type":"array","description":"Array of tags associated with the document","x-ms-summary":"Document Tags","items":{"type":"string","description":"Individual document tag"}},"parent_id":{"type":"string","description":"ID of the parent document if hierarchical","x-ms-summary":"Parent Document ID"},"parents":{"type":"array","description":"Array of parent document IDs","x-ms-summary":"Parent Documents","items":{"type":"string"}},"source_url":{"type":"string","description":"Original source URL of the document","x-ms-summary":"Source URL"},"hash":{"type":"string","description":"Hash of the document content for change detection","x-ms-summary":"Content Hash"},"text_size":{"type":"integer","description":"Size of the document text in characters","x-ms-summary":"Text Size"},"chunk_count":{"type":"integer","description":"Number of chunks the document was split into","x-ms-summary":"Chunk Count"},"chunks":{"type":"array","description":"Array of document chunks with vector embeddings","x-ms-summary":"Document Chunks","items":{"$ref":"#/definitions/DocumentChunk"}},"token_count":{"type":"integer","description":"Total number of tokens in the document","x-ms-summary":"Token Count"}}},"DocumentChunk":{"type":"object","properties":{"text":{"type":"string","description":"Text content of this chunk","x-ms-summary":"Chunk Text"},"hash":{"type":"string","description":"Hash of the chunk content","x-ms-summary":"Chunk Hash"},"offset":{"type":"integer","description":"Character offset of this chunk in the original document","x-ms-summary":"Chunk Offset"},"vector":{"type":"array","description":"Vector embedding for this chunk (for similarity search)","x-ms-summary":"Embedding Vector","items":{"type":"number","format":"float"}},"score":{"type":"number","format":"float","description":"Relevance score for search results","x-ms-summary":"Relevance Score"},"expanded_offsets":{"type":"array","description":"Additional offset information for expanded chunks","x-ms-summary":"Expanded Offsets","items":{"type":"integer"}}}},"DataSource":{"type":"object","description":"Information about the data source containing the document","x-ms-summary":"Data Source Info","properties":{"id":{"type":"integer","description":"Numeric identifier for the data source","x-ms-summary":"Data Source ID"},"sId":{"type":"string","description":"String identifier for the data source","x-ms-summary":"Data Source String ID"},"createdAt":{"type":"integer","format":"int64","description":"Unix timestamp when the data source was created","x-ms-summary":"Created At"},"name":{"type":"string","description":"Name of the data source","x-ms-summary":"Data Source Name"},"description":{"type":"string","description":"Description of the data source","x-ms-summary":"Description"},"dustAPIProjectId":{"type":"string","description":"Dust API project identifier","x-ms-summary":"Project ID"},"dustAPIDataSourceId":{"type":"string","description":"Dust API data source identifier","x-ms-summary":"API Data Source ID"},"connectorId":{"type":"string","description":"Associated connector identifier","x-ms-summary":"Connector ID"},"connectorProvider":{"type":"string","description":"Provider of the associated connector","x-ms-summary":"Connector Provider"},"assistantDefaultSelected":{"type":"boolean","description":"Whether this data source is selected by default for assistants","x-ms-summary":"Default Selected"}}}}}