<ImportExportXml xmlns:xsi="http://www.w3.org/2001/XMLSchema-instance" OrganizationVersion="9.2.25102.147" OrganizationSchemaType="Standard" CRMServerServiceabilityVersion="9.2.25102.00147">
  <Entities></Entities>
  <Roles></Roles>
  <Workflows></Workflows>
  <FieldSecurityProfiles></FieldSecurityProfiles>
  <Templates />
  <EntityMaps />
  <EntityRelationships />
  <OrganizationSettings />
  <optionsets />
  <CustomControls />
  <EntityDataProviders />
  <Connectors>
    <Connector>
      <connectorid>e6dee940-6d82-43d7-ac4e-3999894c8551</connectorid>
      <description>Upload a document to a Dust Data Source / Folder</description>
      <displayname>Dust - Upload Document</displayname>
      <iconbrandcolor>#ffffff</iconbrandcolor>
      <name>dust_dust-20-2d-20upload-20document</name>
      <connectortype>1</connectortype>
      <openapidefinition>/Connector/dust_dust-20-2d-20upload-20document_openapidefinition.json</openapidefinition>
      <connectionparameters>/Connector/dust_dust-20-2d-20upload-20document_connectionparameters.json</connectionparameters>
      <policytemplateinstances>/Connector/dust_dust-20-2d-20upload-20document_policytemplateinstances.json</policytemplateinstances>
      <iconblob>/Connector/dust_dust-20-2d-20upload-20document_iconblob.Png</iconblob>
    </Connector>
    <Connector>
      <connectorid>f9b754dc-3202-4830-aac2-e5ed152d2efc</connectorid>
      <description>Send a message to a Dust agent and retrieve the answer</description>
      <displayname>Dust - Talk to an Agent</displayname>
      <iconbrandcolor>#ffffff</iconbrandcolor>
      <name>dust_dust-20-2d-20talk-20to-20an-20agent</name>
      <connectortype>1</connectortype>
      <openapidefinition>/Connector/dust_dust-20-2d-20talk-20to-20an-20agent_openapidefinition.json</openapidefinition>
      <connectionparameters>/Connector/dust_dust-20-2d-20talk-20to-20an-20agent_connectionparameters.json</connectionparameters>
      <policytemplateinstances>/Connector/dust_dust-20-2d-20talk-20to-20an-20agent_policytemplateinstances.json</policytemplateinstances>
      <iconblob>/Connector/dust_dust-20-2d-20talk-20to-20an-20agent_iconblob.Png</iconblob>
    </Connector>
  </Connectors>
  <Languages>
    <Language>1033</Language>
  </Languages>
</ImportExportXml>